Organization,Followed On
Mirsis Bilgi Teknolojileri,Mon May 04 12:53:01 UTC 2026
Akakçe,Sun May 03 12:44:42 UTC 2026
Logiwa,Sun May 03 12:37:36 UTC 2026
Skyhem,Sat May 02 00:54:21 UTC 2026
Shipday,Sat May 02 00:51:33 UTC 2026
TeamSec,Sat May 02 00:51:18 UTC 2026
Ahlatcı Holding,Sat May 02 00:50:47 UTC 2026
Datassist,Sat May 02 00:50:13 UTC 2026
EconTech Bilişim Teknolojileri A.Ş.,Sat May 02 00:49:32 UTC 2026
GullsEye Logistics Technologies Inc,Sat May 02 00:49:02 UTC 2026
Evofone,Sat May 02 00:48:24 UTC 2026
Sompo Teknoloji,Sat May 02 00:44:03 UTC 2026
Guardian Professional,Sat May 02 00:37:57 UTC 2026
Kocaeli Üniversitesi,Sat May 02 00:33:20 UTC 2026
VALUESET,Sat May 02 00:31:41 UTC 2026
VTC Energy,Fri May 01 12:26:55 UTC 2026
Proxify,Thu Apr 30 20:04:07 UTC 2026
RED Global,Thu Apr 30 12:19:39 UTC 2026
YOLDOSTU,Wed Apr 15 09:26:16 UTC 2026
Anadolu Üniversitesi (ANAÜ) | Anadolu University,Mon Apr 06 09:18:25 UTC 2026
TTEN Cloud,Sat Apr 04 19:10:25 UTC 2026
Hepiyi Sigorta,Fri Apr 03 21:13:35 UTC 2026
Crs Soft,Fri Apr 03 21:12:38 UTC 2026
Seher Ayral,Fri Apr 03 21:08:22 UTC 2026
"Luron AI, Inc.",Fri Apr 03 21:06:23 UTC 2026
lookfor,Fri Apr 03 21:05:08 UTC 2026
MİLTEKS TEKSTİL A.Ş.,Fri Apr 03 21:03:55 UTC 2026
Engage People Recruitment,Fri Apr 03 21:01:54 UTC 2026
Token Finansal Teknolojiler,Fri Apr 03 21:00:18 UTC 2026
UNO - UNMAŞ AŞ,Fri Apr 03 20:58:09 UTC 2026
Mars Athletic Club,Fri Apr 03 20:55:20 UTC 2026
BOEMAR Grup,Fri Apr 03 20:47:29 UTC 2026
Clearscale,Fri Apr 03 20:42:21 UTC 2026
Leptes Yazılım,Fri Apr 03 20:36:40 UTC 2026
Loodos,Fri Apr 03 20:33:40 UTC 2026
Merzigo,Fri Apr 03 20:23:41 UTC 2026
ATU Duty Free,Fri Apr 03 13:03:04 UTC 2026
BİTES - Defence & Aerospace Technologies,Fri Apr 03 12:51:05 UTC 2026
RevTech,Wed Apr 01 10:15:39 UTC 2026
nineDots.io,Tue Mar 24 11:13:21 UTC 2026
FLORMAR,Mon Mar 23 09:16:38 UTC 2026
NETAŞ,Mon Mar 23 09:13:18 UTC 2026
Tırsan Treyler A.Ş.,Sun Mar 22 10:01:00 UTC 2026
Fruition Group Ireland,Sun Mar 22 09:32:38 UTC 2026
Jobgether,Sat Mar 21 08:14:46 UTC 2026
Maroteknoloji,Thu Mar 19 06:12:07 UTC 2026
Solas IT Recruitment,Thu Mar 19 06:11:11 UTC 2026
Forte Group,Thu Mar 19 06:10:17 UTC 2026
ALLSTARSIT,Thu Mar 19 06:09:23 UTC 2026
Buzztech Yazılım A.S,Thu Mar 19 06:08:58 UTC 2026
Expert Executive Recruiters (EER Global),Tue Mar 17 17:10:14 UTC 2026
DAX Marketing,Sun Mar 15 12:07:39 UTC 2026
Turing,Sun Mar 15 01:09:12 UTC 2026
Voltran App,Sun Mar 15 01:05:53 UTC 2026
Burgan Teknoloji,Sun Mar 15 01:04:16 UTC 2026
Dijital Kurye,Sun Mar 15 01:03:27 UTC 2026
Crossing Hurdles,Wed Mar 11 01:01:35 UTC 2026
GİZLİ,Wed Mar 11 01:00:54 UTC 2026
PMA Yazılım,Wed Mar 11 00:59:12 UTC 2026
Frank.,Wed Mar 11 00:58:13 UTC 2026
Asis Elektronik ve Bilişim Sistemleri A.Ş.,Tue Mar 10 05:38:32 UTC 2026
Sparkrock,Tue Mar 10 05:27:25 UTC 2026
Burgan Bank Türkiye,Tue Mar 10 05:20:48 UTC 2026
ATP,Tue Mar 10 05:15:02 UTC 2026
Gelecek Varlık Yönetimi A.Ş.,Tue Mar 10 05:14:09 UTC 2026
Hayhay,Thu Mar 05 11:16:34 UTC 2026
RDC Talent,Tue Feb 24 15:51:18 UTC 2026
Kolay Gelsin,Tue Feb 24 10:46:43 UTC 2026
Tunnl,Fri Feb 20 21:23:25 UTC 2026
Eksim Holding,Fri Feb 20 21:22:20 UTC 2026
Horoz Lojistik,Fri Feb 13 17:36:18 UTC 2026
Rubikpara,Fri Feb 13 17:24:52 UTC 2026
Doğuş Yayın Grubu,Fri Feb 13 17:23:39 UTC 2026
Assima,Fri Feb 13 17:22:30 UTC 2026
Turk Telekom,Fri Feb 13 17:00:48 UTC 2026
Aktif Tech Teknoloji A.Ş.,Sat Jan 03 16:50:44 UTC 2026
Tick Tock Boom Digital PR & Marketing Agency,Sat Jan 03 04:51:07 UTC 2026
Wajusoft,Thu Jan 01 18:54:41 UTC 2026
Mecode Bilişim ve Müh.Hiz.Ltd.Şti.,Thu Jan 01 18:51:07 UTC 2026
Cavendish Professionals,Thu Jan 01 18:49:18 UTC 2026
TRAICK,Thu Jan 01 18:47:49 UTC 2026
F4e,Thu Jan 01 18:46:47 UTC 2026
BGTS,Thu Jan 01 18:44:51 UTC 2026
Akkodis,Wed Dec 31 11:44:21 UTC 2025
Karavan,Wed Dec 31 11:43:56 UTC 2025
StreamDelta,Wed Dec 31 11:36:21 UTC 2025
CoverGo | Insurtech,Mon Dec 29 21:03:23 UTC 2025
Halkbank,Mon Dec 29 21:00:10 UTC 2025
Tree Top Staffing LLC,Mon Dec 29 20:44:50 UTC 2025
HangiKredi,Sun Dec 21 11:24:24 UTC 2025
vMind Bilgi Teknolojileri,Sat Dec 20 15:35:50 UTC 2025
Octet Türkiye,Sun Dec 14 18:47:45 UTC 2025
Infoset,Sun Dec 14 18:45:56 UTC 2025
Arena,Sat Dec 13 18:56:30 UTC 2025
noviUP,Sat Dec 13 01:03:40 UTC 2025
Empatik İnsan Kaynakları,Sat Dec 13 00:51:10 UTC 2025
TG Media,Sat Dec 13 00:50:43 UTC 2025
Artı365 Danışmanlık Hiz. A.Ş.,Sat Dec 13 00:49:33 UTC 2025
Centra Yazılım,Sat Dec 13 00:48:56 UTC 2025
Koton,Sat Dec 13 00:46:47 UTC 2025
Creative Solution,Sat Dec 13 00:40:31 UTC 2025
Paywall,Sat Dec 13 00:39:55 UTC 2025
CK Enerji,Thu Dec 11 20:55:46 UTC 2025
Centrue,Thu Dec 11 11:26:13 UTC 2025
North Scout,Wed Dec 10 15:11:59 UTC 2025
Fides,Wed Dec 10 15:08:17 UTC 2025
Alpaca,Wed Dec 10 15:07:21 UTC 2025
Otokoç Otomotiv,Mon Dec 08 10:09:52 UTC 2025
InoTrade,Sun Dec 07 04:30:22 UTC 2025
TOS Analytics - Pakodemy,Sun Dec 07 04:29:16 UTC 2025
Fiorent,Sun Dec 07 04:27:56 UTC 2025
AGORA TRUCK PARTS LLC,Sun Dec 07 04:24:31 UTC 2025
SHFT,Sun Dec 07 04:19:50 UTC 2025
"Digis, a Fiverr company (NYSE: FVRR)",Sun Dec 07 04:18:05 UTC 2025
Bimser Türkiye,Sun Dec 07 04:15:55 UTC 2025
AHL Pay,Sun Dec 07 04:10:19 UTC 2025
Nano Works,Sun Dec 07 04:09:44 UTC 2025
Yapı Kredi Teknoloji,Thu Dec 04 16:47:53 UTC 2025
Bileşim Finansal Teknolojiler ve Ödeme Sistemleri,Thu Dec 04 16:47:17 UTC 2025
Sürat Kargo,Thu Dec 04 16:46:42 UTC 2025
Yıldızlar Yatırım Holding,Thu Dec 04 16:46:11 UTC 2025
Pluxee Türkiye,Thu Dec 04 16:41:01 UTC 2025
Beymen Group,Thu Dec 04 16:32:58 UTC 2025
TOM,Thu Dec 04 16:08:41 UTC 2025
Dünya Katılım,Thu Dec 04 16:05:09 UTC 2025
Aktif Bank,Thu Dec 04 16:04:57 UTC 2025
SETCARD,Thu Dec 04 16:04:06 UTC 2025
Gizli,Wed Dec 03 22:08:18 UTC 2025
Moka United,Wed Dec 03 22:07:05 UTC 2025
ANDEVOS Bilgi Teknolojileri A.Ş.,Wed Dec 03 22:05:20 UTC 2025
ICterra Information and Communication Technologies,Wed Dec 03 21:58:50 UTC 2025
Ticimax,Wed Dec 03 21:36:43 UTC 2025
BtcTurk | Teknoloji,Wed Dec 03 21:01:49 UTC 2025
Augment Code,Tue Oct 07 07:26:16 UTC 2025
LHH,Wed Sep 17 19:19:15 UTC 2025
Kentbis,Tue Jul 01 19:10:49 UTC 2025
Avenga,Mon Jun 23 22:56:58 UTC 2025
Azerion,Fri May 23 01:10:16 UTC 2025
SmartICT Bilişim A.Ş.,Sun Apr 20 17:45:59 UTC 2025
Delta Yazılım A.Ş.,Wed Jan 22 09:58:05 UTC 2025
Turkish Technology,Wed Jan 22 09:55:03 UTC 2025
Odeabank,Wed Jan 22 09:54:22 UTC 2025
SysTek Bilişim,Mon Jan 20 20:58:40 UTC 2025
Teleferic,Mon Jan 06 21:46:35 UTC 2025
Core Engage Yazılım A.Ş.,Thu Nov 07 09:02:44 UTC 2024
Looser Games,Thu Oct 03 19:30:30 UTC 2024
Vodafone,Wed Sep 11 11:10:58 UTC 2024
Next Smart Move,Thu Aug 15 11:35:03 UTC 2024
Newety,Fri Jul 19 14:14:23 UTC 2024
Code Compass 🧭,Fri Jul 19 12:40:17 UTC 2024
PayTR,Wed Jul 17 10:29:21 UTC 2024
Lucida AI,Wed Jul 17 10:29:05 UTC 2024
Technical Documentation,Wed Jul 17 10:28:35 UTC 2024
Problem Solving,Wed Jul 17 10:28:22 UTC 2024
Data Architecture,Wed Jul 17 10:28:07 UTC 2024
Honda Türkiye A.Ş.,Wed Jul 17 10:27:35 UTC 2024
Trive,Wed Jul 17 10:23:41 UTC 2024
Qinshift,Mon Jul 15 18:17:58 UTC 2024
Şekerbank T.A.Ş.,Mon Jul 15 18:15:41 UTC 2024
Trive Credit,Tue Jul 09 20:57:36 UTC 2024
Threenitas,Tue Jul 09 15:24:31 UTC 2024
JobAnalytics,Tue Jul 09 15:22:01 UTC 2024
Keiken Consultancy,Tue Jul 09 15:21:59 UTC 2024
PATCHUB,Tue Jul 09 15:21:53 UTC 2024
YSMCloud,Tue Jul 09 15:21:48 UTC 2024
develop,Tue Jul 09 15:12:56 UTC 2024
CPS Group (UK) Limited,Tue Jul 09 15:12:24 UTC 2024
Amach,Tue Jul 09 15:07:52 UTC 2024
First Achieve,Tue Jul 09 15:04:20 UTC 2024
CyberPort Bilişim,Tue Jul 09 15:00:17 UTC 2024
LC Waikiki,Tue Jul 09 13:11:02 UTC 2024
QNB Invest,Tue Jul 09 13:06:58 UTC 2024
1likte,Mon Jul 08 09:59:49 UTC 2024
Lely Turkey Software Development,Mon Jul 08 09:59:02 UTC 2024
Commerce LAB,Mon Jul 08 09:54:58 UTC 2024
Agito Software & Consulting,Mon Jul 08 09:53:57 UTC 2024
Solid-ICT,Mon Jul 08 09:49:40 UTC 2024
Boyner Büyük Mağazacılık A.Ş.,Mon Jul 08 09:49:03 UTC 2024
Armut / HomeRun,Mon Jul 08 09:48:07 UTC 2024
HAVELSAN,Mon Jul 08 09:46:42 UTC 2024
DeFacto,Mon Jul 08 09:33:46 UTC 2024
PirCloud,Fri Dec 01 11:30:00 UTC 2023
TikoHesap,Fri Dec 01 11:30:00 UTC 2023
Arniva Yazılım A.Ş,Fri Dec 01 11:29:59 UTC 2023
Balas Games,Fri Dec 01 11:29:54 UTC 2023
Payten,Thu Aug 24 18:14:29 UTC 2023
adesso Turkey,Thu Aug 24 18:13:46 UTC 2023
Nuevo Softwarehouse,Thu Aug 24 18:12:48 UTC 2023
QNB Sigorta,Thu Aug 24 18:12:15 UTC 2023
Etiya,Thu Aug 24 18:11:11 UTC 2023
Neova Sigorta,Thu Aug 24 17:59:16 UTC 2023
Pusula Kurumsal İş Çözümleri,Thu Aug 24 17:58:07 UTC 2023
Fast Recovery Solutions (FRS),Thu Aug 24 17:57:01 UTC 2023
inventiv,Thu Aug 24 15:46:46 UTC 2023
Eminevim,Thu Aug 24 15:42:16 UTC 2023
Turkuvaz Medya Grubu,Thu Aug 24 15:38:47 UTC 2023
ForInvest,Thu Aug 24 15:34:41 UTC 2023
Borusan Makina ve Güç Sistemleri / Caterpillar,Thu Aug 24 15:32:27 UTC 2023
adesso SmartShore - powered by adesso,Thu Aug 24 15:32:07 UTC 2023