Date/Time,Media Description,Media Link
"You uploaded a photo on May 2, 2026 at 12:47 AM (GMT)", -,https://media.licdn.com/dms/image/v2/D4D03AQE_hnWFeqbKwQ/profile-displayphoto-scale_100_100/B4DZ3mJ2.OI0Ac-/0/1777682839494?e=1779321600&v=beta&t=euTgJeBIYB_57uPTxscDSuKOvvzRpG-Fmcghq2zO57Q
"You uploaded a profile photo on May 2, 2026 at 12:47 AM (GMT)", -,https://media.licdn.com/dms/image/v2/D4D04AQHV0cwhpVQpLA/profile-originalphoto-shrink_900_1200/B4DZ3mJ28rIEAI-/0/1777682837855?e=1779321600&v=beta&t=oy9Nj_ih-UMmRTobiUrG85FovQMkXjM2TlCTL3beSSg
"You uploaded a feed photo on April 5, 2026 at 10:05 PM (GMT)", -,https://media.licdn.com/dms/image/v2/D4D22AQHcmuseAgXEtw/feedshare-shrink_20/B4DZ1frhtUHQAI-/0/1775426739351?e=1779321600&v=beta&t=TI6pJkJ8Fod6d-5wxffMGr6g2XyrXhlNAZXeb6j8_zQ
"You uploaded a feed photo on April 5, 2026 at 6:33 PM (GMT)", -,https://media.licdn.com/dms/image/v2/D4D22AQFgCzxRHOUwOQ/feedshare-shrink_160/B4DZ1e7B3SGgAo-/0/1775414026151?e=1779321600&v=beta&t=LvlCOKBNcHE2EZ0bbmfRSv-LGpztq1F9d26x68wGqMY
"You uploaded a photo on March 14, 2026 at 11:42 PM (GMT)", -,https://media.licdn.com/dms/image/v2/D4D2DAQG_2G5WJVKVyg/profile-treasury-image-shrink_8192_8192/B4DZzuuyksGYAg-/0/1773531769765?e=1778504400&v=beta&t=etpuyMj5FnwhEBctitPjV20efUR9GKMH6s67CaUIgDM
"You uploaded a feed photo on December 4, 2025 at 9:36 AM (GMT)", -,https://media.licdn.com/dms/image/v2/D4D22AQFiw8VAr0U3wQ/feedshare-shrink_20/B4DZrouIgXJ4AU-/0/1764840999184?e=1779321600&v=beta&t=SupfpPgtLLEzd0fOghv4GJkS-2vqbycJBDKeTygdVC4
"You uploaded a photo on December 4, 2025 at 9:34 AM (GMT)", -,https://media.licdn.com/dms/image/v2/D4D2DAQF3W3-igheBjQ/profile-treasury-image-shrink_8192_8192/B4DZrotlDFG0Ak-/0/1764840854256?e=1778504400&v=beta&t=R7vwoq5qCQ0QdzwusDOR0jCaXbDJtyOezc7Ql6zqY08
"You uploaded a feed photo on December 12, 2022 at 6:35 PM (GMT)", -,https://media.licdn.com/dms/image/v2/D4D22AQGa19ow-Fc4MQ/feedshare-shrink_800/feedshare-shrink_800/0/1670870101921?e=1779321600&v=beta&t=XhmHUbui256v5WdZJ1ATSdp2BTHQlWGdf7YzuULfCcw
"You uploaded a feed photo on November 29, 2022 at 8:55 AM (GMT)", -,https://media.licdn.com/dms/image/v2/C5622AQGB4t2KCnhfuA/feedshare-shrink_800/feedshare-shrink_800/0/1669712138387?e=1779321600&v=beta&t=Cxu_Yqq1r_zsSiLD8ZXL1kvWfceQDEJgouh82btTrzU
"You uploaded a feed photo on December 9, 2021 at 12:28 PM (GMT)", -,https://media.licdn.com/dms/image/v2/C4E22AQFggYXrAUsC3A/feedshare-shrink_800/feedshare-shrink_800/0/1639052937399?e=1779321600&v=beta&t=6mi4uG5RXvIpcDwVHriUsu0r2eAwmn0rvKpuOVnN1z4
"You uploaded a photo on March 3, 2020 at 3:41 AM (GMT)", -,https://media.licdn.com/dms/image/v2/C4D22AQGiS1DYGtJWMQ/feedshare-shrink_800/feedshare-shrink_800/0/1583206902924?e=1779321600&v=beta&t=Lq2wn-tML-SYxMs8HxQ0LyI-OJOEtA7kOEmXPKHzJvA
"You uploaded a photo on December 22, 2019 at 6:50 PM (GMT)", -,https://media.licdn.com/dms/image/v2/C4D22AQFL9KMqnugCYQ/feedshare-shrink_800/feedshare-shrink_800/0/1577040621493?e=1779321600&v=beta&t=lh5eDk3ATZY9O6YyyrrKlHTyQhVJRPKeCfYlW-8wQq0
"You uploaded a profile background photo on January 24, 2018 at 9:29 PM (GMT)", -,https://media.licdn.com/dms/image/v2/C4E16AQHNZ_eRvVltJw/profile-displaybackgroundimage-shrink_200_800/profile-displaybackgroundimage-shrink_200_800/0/1516829389956?e=1779321600&v=beta&t=I33nk99vhvSw580tfdD6_IbNcSAxJuPE-XA-3GjkXjI
"You uploaded a profile background photo on January 24, 2018 at 9:29 PM (GMT)", -,https://media.licdn.com/dms/image/v2/C4E04AQEtduHxkopKIQ/profile-originalbackgroundimage-shrink_396_1584/profile-originalbackgroundimage-shrink_396_1584/0/1516829386705?e=1779321600&v=beta&t=_P6gcY32BvxW87LBGpmpG7n5n7ov_GjPAPMHpzctr3I
